type;Parameter;Place;motu;service-id;product-id;longitude-min;longitude-max;latitude-min;latitude-max;resolution;level;first obs;last obs;source;variable;lien;mask;depth-min;depth-max;type
sat;Temperature;global;https://nrt.cmems-du.eu/motu-web/Motu;SST_EUR_SST_L3C_NRT_OBSERVATIONS_010_009_b-TDS;METEOFRANCE-EUR-SST_L3MONOSENSOR_NRT-OBS_V2-VIIRS_NPP-EUR-AVHRR_METOP_B_FULL_TIME_SERIE;-39.875;54.875;20.125;69.875;2*2;3;08/03/2016;present;marineCopernicus;adjusted_sea_surface_temperature ;https://resources.marine.copernicus.eu/product-detail/SST_EUR_SST_L3C_NRT_OBSERVATIONS_010_009_b/INFORMATION;0;;;NetCDF
sat;Temperature;Baltic;https://nrt.cmems-du.eu/motu-web/Motu;SST_BAL_SST_L4_NRT_OBSERVATIONS_010_007_b-TDS;DMI-BALTIC-SST-L4-NRT-OBS_FULL_TIME_SERIE;-10;30;48;66;2*2;4;01/01/2016;present;marineCopernicus;analysed_sst;https://resources.marine.copernicus.eu/product-detail/SST_BAL_SST_L4_NRT_OBSERVATIONS_010_007_b/INFORMATION;1;;;NetCDF
sat;Temperature;NWS/IBI;https://nrt.cmems-du.eu/motu-web/Motu;SST_ATL_SST_L4_NRT_OBSERVATIONS_010_025-TDS;IFREMER-ATL-SST-L4-NRT-OBS_FULL_TIME_SERIE;-20.99;12.99;9.01;61.99;2*2;4;01/01/2018;present;marineCopernicus;analysed_sst;https://resources.marine.copernicus.eu/product-detail/SST_ATL_SST_L4_NRT_OBSERVATIONS_010_025/INFORMATION;1;;;NetCDF
sat;Temperature;MED;https://nrt.cmems-du.eu/motu-web/Motu;SST_MED_SST_L4_NRT_OBSERVATIONS_010_004-TDS;SST_MED_SST_L4_NRT_OBSERVATIONS_010_004_a_V2;-18.125;36.25;30.25;46;1*1;4;01/01/2008;present;marineCopernicus;analysed_sst;https://resources.marine.copernicus.eu/product-detail/SST_MED_SST_L4_NRT_OBSERVATIONS_010_004/INFORMATION;0;;;NetCDF
sat;Temperature;BS;https://nrt.cmems-du.eu/motu-web/Motu;SST_BS_SST_L4_NRT_OBSERVATIONS_010_006-TDS;SST_BS_SST_L4_NRT_OBSERVATIONS_010_006_a_V2;26.375;42.375;38.75;48.8125;1*1;4;01/01/2008;present;marineCopernicus;analysed_sst ;https://resources.marine.copernicus.eu/product-detail/SST_BS_SST_L4_NRT_OBSERVATIONS_010_006/INFORMATION;0;;;NetCDF
model;Temperature;Baltic;https://nrt.cmems-du.eu/motu-web/Motu;BALTICSEA_ANALYSISFORECAST_PHY_003_006-TDS;dataset-bal-analysis-forecast-phy-dailymeans;9.0416;30.2087;53.0083;65.891;2*2;4;01/12/2018;present;marineCopernicus;thetao;https://resources.marine.copernicus.eu/product-detail/BALTICSEA_ANALYSISFORECAST_PHY_003_006/INFORMATION;0;1;688;NetCDF
model;Temperature;NWS;https://my.cmems-du.eu/motu-web/Motu;NWSHELF_MULTIYEAR_PHY_004_009-TDS;cmems_mod_nws_phy-t_my_7km-3D_P1D-m ;-19.8889;12.9997;40.0667;65.0013;11.1*6.7;4;01/01/1993;30/06/2020;marineCopernicus;thetao;https://resources.marine.copernicus.eu/product-detail/NWSHELF_MULTIYEAR_PHY_004_009/INFORMATION;0;0;5000;NetCDF
model;Temperature;NWS;https://nrt.cmems-du.eu/motu-web/Motu;NORTHWESTSHELF_ANALYSIS_FORECAST_PHY_004_013-TDS;MetO-NWS-PHY-dm-TEM ;-16;13;46;62.7432;1.4*3;4;01/01/2019;present;marineCopernicus;thetao;https://resources.marine.copernicus.eu/product-detail/NORTHWESTSHELF_ANALYSIS_FORECAST_PHY_004_013/INFORMATION;0;0;5000;NetCDF
model;Temperature;IBI;https://nrt.cmems-du.eu/motu-web/Motu;IBI_ANALYSISFORECAST_PHY_005_001-TDS;cmems_mod_ibi_phy_anfc_0.027deg-3D_P1D-m ;-19;5;26;56;2.8*2.8;4;16/11/2019;present;marineCopernicus;thetao;https://resources.marine.copernicus.eu/product-detail/IBI_ANALYSISFORECAST_PHY_005_001/INFORMATION;0;0.4940;5727.9170;NetCDF
model;Temperature;MED;https://nrt.cmems-du.eu/motu-web/Motu;MEDSEA_ANALYSISFORECAST_PHY_006_013-TDS;med-cmcc-tem-an-fc-d;-17.2917;36.2917;30.1875;45.9792;4.2*4.2;4;01/05/2019;present;marineCopernicus;thetao;https://resources.marine.copernicus.eu/product-detail/MEDSEA_ANALYSISFORECAST_PHY_006_013/INFORMATION;0;1.0182;5754.0439;NetCDF
model;Temperature;BS;https://nrt.cmems-du.eu/motu-web/Motu;BLKSEA_ANALYSISFORECAST_PHY_007_001-TDS;bs-cmcc-tem-an-fc-d;27.25;42;40.5;47;2.5*2.5;4;01/01/2019;present;marineCopernicus;thetao;https://resources.marine.copernicus.eu/product-detail/BLKSEA_ANALYSISFORECAST_PHY_007_001/INFORMATION;0;0.5002;2258.9490;NetCDF
model;Salinity;NWS;https://nrt.cmems-du.eu/motu-web/Motu;NORTHWESTSHELF_ANALYSIS_FORECAST_PHY_004_013-TDS;MetO-NWS-PHY-hi-SAL ;-16;13;46;62.7432;1.4*3;4;01/01/2019;present;marineCopernicus;so;https://resources.marine.copernicus.eu/product-detail/NORTHWESTSHELF_ANALYSIS_FORECAST_PHY_004_013/INFORMATION;0;0;5000;NetCDF
model;Salinity;Baltic;https://nrt.cmems-du.eu/motu-web/Motu;BALTICSEA_ANALYSISFORECAST_PHY_003_006-TDS;dataset-bal-analysis-forecast-phy-dailymeans;9.0416;30.2087;53.0083;65.891;2*2;4;01/12/2018;present;marineCopernicus;so;https://resources.marine.copernicus.eu/product-detail/BALTICSEA_ANALYSISFORECAST_PHY_003_006/INFORMATION;0;1;688;NetCDF
model;Salinity;IBI;https://nrt.cmems-du.eu/motu-web/Motu;IBI_ANALYSISFORECAST_PHY_005_001-TDS;cmems_mod_ibi_phy_anfc_0.027deg-3D_P1D-m ;-19;5;26;56;2.8*2.8;4;16/11/2019;present;marineCopernicus;so;https://resources.marine.copernicus.eu/product-detail/IBI_ANALYSISFORECAST_PHY_005_001/INFORMATION;0;0.4940;5727.9170;NetCDF
model;Salinity;BS;https://nrt.cmems-du.eu/motu-web/Motu;BLKSEA_ANALYSISFORECAST_PHY_007_001-TDS;bs-cmcc-sal-an-fc-d;27.25;42;40.5;47;2.5*2.5;4;01/01/2019;present;marineCopernicus;so;https://resources.marine.copernicus.eu/product-detail/BLKSEA_ANALYSISFORECAST_PHY_007_001/INFORMATION;0;0.5002;2258.9490;NetCDF
model;Salinity;MED;https://my.cmems-du.eu/motu-web/Motu;MEDSEA_MULTIYEAR_PHY_006_004-TDS;med-cmcc-sal-rean-d;-6;36.2917;30.1875;45.9792;4.2*4.2;4;01/01/1987;31/12/2019;marineCopernicus;so;https://resources.marine.copernicus.eu/product-detail/MEDSEA_MULTIYEAR_PHY_006_004/INFORMATION;0;1.0182;5754.0439;NetCDF
model;Salinity;MED;https://nrt.cmems-du.eu/motu-web/Motu;MEDSEA_ANALYSISFORECAST_PHY_006_013-TDS;med-cmcc-sal-an-fc-d;-17.2917;36.2917;30.1875;45.9792;4.2*4.2;4;01/05/2019;09/12/2021;marineCopernicus;so;https://resources.marine.copernicus.eu/product-detail/MEDSEA_ANALYSISFORECAST_PHY_006_013/INFORMATION;0;1.0182;5754.0439;NetCDF
model;Dissolved_oxygen;Baltic;https://nrt.cmems-du.eu/motu-web/Motu;BALTICSEA_ANALYSISFORECAST_BGC_003_007-TDS;dataset-bal-analysis-forecast-bio-dailymeans;9.0416;30.2087;53.0083;65.891;2*2;4;01/12/2018;present;marineCopernicus;o2;https://resources.marine.copernicus.eu/product-detail/BALTICSEA_ANALYSISFORECAST_BGC_003_007/INFORMATION;0;1;688;NetCDF
model;Dissolved_oxygen;NWS;https://my.cmems-du.eu/motu-web/Motu;NWSHELF_MULTIYEAR_BGC_004_011-TDS;cmems_mod_nws_bgc-o2_my_7km-3D_P1D-m ;-19.8889;12.9997;40.0667;65.0013;11.1*6.7;4;01/01/1993;30/06/2020;marineCopernicus;o2;https://resources.marine.copernicus.eu/product-detail/NWSHELF_MULTIYEAR_BGC_004_011/INFORMATION;0;0;5000;NetCDF
model;Dissolved_oxygen;NWS;https://nrt.cmems-du.eu/motu-web/Motu;NWSHELF_ANALYSISFORECAST_BGC_004_002-TDS;cmems_mod_nws_bgc-o2_anfc_7km-3D_P1D-m;-19.8889;12.9997;40.0667;65.0013;11.1*6.7;4;01/05/2019;present;marineCopernicus;o2 ;https://resources.marine.copernicus.eu/product-detail/NWSHELF_ANALYSISFORECAST_BGC_004_002/INFORMATION;0;0;5000;NetCDF
model;Dissolved_oxygen;IBI;https://nrt.cmems-du.eu/motu-web/Motu;IBI_ANALYSISFORECAST_BGC_005_004-TDS;cmems_mod_ibi_bgc_anfc_0.027deg-3D_P1D-m ;-19;5;26;56;2.8*2.8;4;16/11/2019;present;marineCopernicus;o2;https://resources.marine.copernicus.eu/product-detail/IBI_ANALYSISFORECAST_BGC_005_004/INFORMATION;0;0.4940;5727.9170;NetCDF
model;Dissolved_oxygen;MED;https://nrt.cmems-du.eu/motu-web/Motu;MEDSEA_ANALYSISFORECAST_BGC_006_014-TDS;med-ogs-bio-an-fc-m;-5.5417;36.2917;30.1875;45.9792;4.2*4.2;4;01/11/2019;present;marineCopernicus;o2;https://resources.marine.copernicus.eu/product-detail/MEDSEA_ANALYSISFORECAST_BGC_006_014/INFORMATION;0;1.0182;4152.8960;NetCDF
model;Dissolved_oxygen;BS;https://my.cmems-du.eu/motu-web/Motu;BLKSEA_REANALYSIS_BIO_007_005-TDS;bs-ulg-bio-rean-d;27.37;41.9626;40.86;46.8044;3.7*2.8;4;01/01/1992;31/12/2020;marineCopernicus;o2;https://resources.marine.copernicus.eu/product-detail/BLKSEA_REANALYSIS_BIO_007_005/INFORMATION;0;2.5011;2140.0208;NetCDF
model;Dissolved_oxygen;BS;https://nrt.cmems-du.eu/motu-web/Motu;BLKSEA_ANALYSIS_FORECAST_BIO_007_010-TDS;bs-ulg-bio-an-fc-d;27.37;41.9626;40.86;46.8044;3.7*2.8;4;30/11/2019;present;marineCopernicus;o2;https://resources.marine.copernicus.eu/product-detail/BLKSEA_ANALYSIS_FORECAST_BIO_007_010/INFORMATION;0;2.5011;2140.0208;NetCDF
sat;Transparency;BS;https://my.cmems-du.eu/motu-web/Motu;OCEANCOLOUR_BS_OPTICS_L3_REP_OBSERVATIONS_009_096-TDS;dataset-oc-bs-opt-multi-l3-rrs412_1km_daily-rep-v02;26.507;41.993;40.0051;47.9949;1*1;3;16/09/1997;30/06/2021;marineCopernicus;RRS412 ;https://resources.marine.copernicus.eu/product-detail/OCEANCOLOUR_BS_OPTICS_L3_REP_OBSERVATIONS_009_096/INFORMATION;0;;;NetCDF
sat;Transparency;BS;https://nrt.cmems-du.eu/motu-web/Motu;OCEANCOLOUR_BS_OPTICS_L3_NRT_OBSERVATIONS_009_042-TDS;dataset-oc-bs-opt-multi-l3-rrs412_1km_daily-rt-v02;26.507;41.993;40.0051;47.9949;0.3*0.3;3;01/01/2021;present;marineCopernicus;RRS412;https://resources.marine.copernicus.eu/product-detail/OCEANCOLOUR_BS_OPTICS_L3_NRT_OBSERVATIONS_009_042/INFORMATION;0;;;NetCDF
sat;Transparency;Baltic;https://nrt.cmems-du.eu/motu-web/Motu;OCEANCOLOUR_BAL_OPTICS_L3_NRT_OBSERVATIONS_009_048-TDS;dataset-oc-bal-opt-olci_a-l3-rrs412_1km_daily-rt-v02;9.2589;30.2411;53.2555;65.8445;0.3*0.3;3;26/04/2016;present;marineCopernicus;RRS412_5 ;https://resources.marine.copernicus.eu/product-detail/OCEANCOLOUR_BAL_OPTICS_L3_NRT_OBSERVATIONS_009_048/INFORMATION;0;;;NetCDF
sat;Transparency;NWS/IBI;https://my.cmems-du.eu/motu-web/Motu;OCEANCOLOUR_ATL_OPTICS_L3_REP_OBSERVATIONS_009_066-TDS;dataset-oc-atl-opt-multi_cci-l3-rrs412_1km_daily-rep-v02;-45.9948;12.9948;20.0052;65.9948;1*1;3;04/09/1997;31/12/2020;marineCopernicus;RRS412 ;https://resources.marine.copernicus.eu/product-detail/OCEANCOLOUR_ATL_OPTICS_L3_REP_OBSERVATIONS_009_066/INFORMATION;0;;;NetCDF
sat;Transparency;NWS/IBI;https://nrt.cmems-du.eu/motu-web/Motu;OCEANCOLOUR_ATL_OPTICS_L3_NRT_OBSERVATIONS_009_034-TDS;dataset-oc-atl-opt-multi_cci-l3-rrs412_1km_daily-rt-v02;-45.9948;12.9948 ;20.0052;65.9948;0.3*0.3;3;01/07/2020;present;marineCopernicus;RRS412 ;https://resources.marine.copernicus.eu/product-detail/OCEANCOLOUR_ATL_OPTICS_L3_NRT_OBSERVATIONS_009_034/INFORMATION;0;;;NetCDF
sat;Transparency;MED;https://my.cmems-du.eu/motu-web/Motu;OCEANCOLOUR_MED_OPTICS_L3_REP_OBSERVATIONS_009_095-TDS;dataset-oc-med-opt-multi-l3-rrs412_1km_daily-rep-v02;-5.9936;36.4936;30.0051;45.9949;1*1;3;16/09/1997;31/12/2020;marineCopernicus;RRS412 ;https://resources.marine.copernicus.eu/product-detail/OCEANCOLOUR_MED_OPTICS_L3_REP_OBSERVATIONS_009_095/INFORMATION;0;;;NetCDF
sat;Transparency;MED;https://nrt.cmems-du.eu/motu-web/Motu;OCEANCOLOUR_MED_OPTICS_L3_NRT_OBSERVATIONS_009_038-TDS;dataset-oc-med-opt-multi-l3-rrs412_1km_daily-rt-v02;-5.9936;36.4936;30.0051;45.9949;0.3*0.3;3;01/01/2021;present;marineCopernicus;RRS412;https://resources.marine.copernicus.eu/product-detail/OCEANCOLOUR_MED_OPTICS_L3_NRT_OBSERVATIONS_009_038/INFORMATION;0;;;NetCDF
sat;Chlorophyll-a;global;https://nrt.cmems-du.eu/motu-web/Motu;OCEANCOLOUR_EUR_CHL_L3_NRT_OBSERVATIONS_009_050-TDS;dataset-oc-eur-chl-multi-l3-chl_1km_daily-rt-v02;-30;42.001;20;65.8571;1*1;3;01/01/2017;present;marineCopernicus;CHL;https://resources.marine.copernicus.eu/product-detail/OCEANCOLOUR_EUR_CHL_L3_NRT_OBSERVATIONS_009_050/INFORMATION;0;;;NetCDF
sat;Chlorophyll-a;Baltic;https://my.cmems-du.eu/motu-web/Motu;OCEANCOLOUR_BAL_CHL_L3_REP_OBSERVATIONS_009_080-TDS;dataset-oc-bal-chl-multi_cci-l3-chl_1km_daily-rep-v02;9.2589;30.2411 ;53.2555;65.8445;1*1;3;04/09/1997;30/06/2021;marineCopernicus;CHL;https://resources.marine.copernicus.eu/product-detail/OCEANCOLOUR_BAL_CHL_L3_REP_OBSERVATIONS_009_080/INFORMATION;0;;;NetCDF
sat;Chlorophyll-a;Baltic;https://nrt.cmems-du.eu/motu-web/Motu;OCEANCOLOUR_BAL_BGC_HR_L3_NRT_009_202-TDS;cmems_obs_oc_bal_bgc_tur-spm-chl_nrt_l3-hr-mosaic_P1D-m;8.9998;31.0002;53.0005;65.9995;0.1*0.1;3;01/01/2020;29/11/2021;marineCopernicus;CHL;https://resources.marine.copernicus.eu/product-detail/OCEANCOLOUR_BAL_BGC_HR_L3_NRT_009_202/INFORMATION;0;;;NetCDF
sat;Chlorophyll-a;NWS/IBI;https://my.cmems-du.eu/motu-web/Motu;OCEANCOLOUR_ATL_CHL_L3_REP_OBSERVATIONS_009_067-TDS;dataset-oc-atl-chl-multi_cci-l3-chl_1km_daily-rep-v02;-45.9948;12.9948;20.0052;65.9948;1*1;3;04/09/1997;31/12/2020;marineCopernicus;CHL;https://resources.marine.copernicus.eu/product-detail/OCEANCOLOUR_ATL_CHL_L3_REP_OBSERVATIONS_009_067/INFORMATION;0;;;NetCDF
sat;Chlorophyll-a;NWS/IBI;https://nrt.cmems-du.eu/motu-web/Motu;OCEANCOLOUR_ATL_CHL_L3_NRT_OBSERVATIONS_009_036-TDS;dataset-oc-atl-chl-multi_cci-l3-chl_1km_daily-rt-v02;-45.9948;12.9948;20.0052;65.9948;0.3*0.3;3;20/01/2019;present;marineCopernicus;CHL ;https://resources.marine.copernicus.eu/product-detail/OCEANCOLOUR_ATL_CHL_L3_NRT_OBSERVATIONS_009_036/INFORMATION;0;;;NetCDF
sat;Chlorophyll-a;MED;https://my.cmems-du.eu/motu-web/Motu;OCEANCOLOUR_MED_CHL_L4_REP_OBSERVATIONS_009_078-TDS;dataset-oc-med-chl-multi-l4-interp_1km_daily-rep;-5.9936;36.4936;30.0051;45.9949;1*1;4;16/09/1997;31/12/2020;marineCopernicus;CHL;https://resources.marine.copernicus.eu/product-detail/OCEANCOLOUR_MED_CHL_L4_REP_OBSERVATIONS_009_078/INFORMATION;0;;;NetCDF
sat;Chlorophyll-a;MED;https://nrt.cmems-du.eu/motu-web/Motu;OCEANCOLOUR_MED_CHL_L4_NRT_OBSERVATIONS_009_041-TDS;dataset-oc-med-chl-multi-l4-interp_1km_daily-rt-v02;-5.9936;36.4936;30.0051;45.9949;0.3*0.3;4;01/01/2021;present;marineCopernicus;CHL;https://resources.marine.copernicus.eu/product-detail/OCEANCOLOUR_MED_CHL_L4_NRT_OBSERVATIONS_009_041/INFORMATION;0;;;NetCDF
sat;Chlorophyll-a;BS;https://my.cmems-du.eu/motu-web/Motu;OCEANCOLOUR_BS_CHL_L4_REP_OBSERVATIONS_009_079-TDS;dataset-oc-bs-chl-multi-l4-interp_1km_daily-rep;26.507;41.993;40.0051;47.9949;1*1;4;16/09/1997;31/12/2020;marineCopernicus;CHL;https://resources.marine.copernicus.eu/product-detail/OCEANCOLOUR_BS_CHL_L4_REP_OBSERVATIONS_009_079/INFORMATION;0;;;NetCDF
sat;Chlorophyll-a;BS;https://nrt.cmems-du.eu/motu-web/Motu;OCEANCOLOUR_BS_CHL_L4_NRT_OBSERVATIONS_009_045-TDS;dataset-oc-bs-chl-multi-l4-interp_1km_daily-rt-v02;26.507;41.993;40.0051;47.9949;0.3*0.3;4;01/07/2020;present;marineCopernicus;CHL;https://resources.marine.copernicus.eu/product-detail/OCEANCOLOUR_BS_CHL_L4_NRT_OBSERVATIONS_009_045/INFORMATION;0;;;NetCDF
model;Chlorophyll-a;BS;https://my.cmems-du.eu/motu-web/Motu;BLKSEA_REANALYSIS_BIO_007_005-TDS;bs-ulg-pft-rean-d;27.37 ;41.9626;40.86;46.8044;3.7*2.8;4;01/01/1992;31/12/2020;marineCopernicus;chl;https://resources.marine.copernicus.eu/product-detail/BLKSEA_REANALYSIS_BIO_007_005/INFORMATION;0;2.5011;2140.0208;NetCDF
model;Chlorophyll-a;BS;https://nrt.cmems-du.eu/motu-web/Motu;BLKSEA_ANALYSIS_FORECAST_BIO_007_010-TDS;bs-ulg-pft-an-fc-d;27.37;41.9626;40.86;46.8044;3.7*2.8;4;01/12/2019;present;marineCopernicus;chl;https://resources.marine.copernicus.eu/product-detail/BLKSEA_ANALYSIS_FORECAST_BIO_007_010/INFORMATION;0;2.5011;2140.0208;NetCDF
model;Chlorophyll-a;MED;https://nrt.cmems-du.eu/motu-web/Motu;MEDSEA_ANALYSISFORECAST_BGC_006_014-TDS ;med-ogs-pft-an-fc-d;-5.5417;36.2917;30.1875;45.9792;4.2*4.2;4;01/11/2019;present;marineCopernicus;chl;https://resources.marine.copernicus.eu/product-detail/MEDSEA_ANALYSISFORECAST_BGC_006_014/INFORMATION;0;1.0182;4152.9860;NetCDF
model;Chlorophyll-a;IBI;https://nrt.cmems-du.eu/motu-web/Motu;IBI_ANALYSISFORECAST_BGC_005_004-TDS;cmems_mod_ibi_bgc_anfc_0.027deg-3D_P1D-m ;-19;5;26;56;2.8*2.8;4;23/11/2019;present;marineCopernicus;chl;https://resources.marine.copernicus.eu/product-detail/IBI_ANALYSISFORECAST_BGC_005_004/INFORMATION;0;0.494;5727.917;NetCDF
model;Chlorophyll-a;NWS;https://my.cmems-du.eu/motu-web/Motu;NWSHELF_MULTIYEAR_BGC_004_011-TDS;cmems_mod_nws_bgc-chl_my_7km-3D_P1D-m ;-19.8889;12.9997;40.0667;65.0013;11.1*6.7;4;01/01/1993;30/06/2020;marineCopernicus;chl;https://resources.marine.copernicus.eu/product-detail/NWSHELF_MULTIYEAR_BGC_004_011/INFORMATION;0;0;5000;NetCDF
model;Chlorophyll-a;NWS;https://nrt.cmems-du.eu/motu-web/Motu;NWSHELF_ANALYSISFORECAST_BGC_004_002-TDS;cmems_mod_nws_bgc-chl_anfc_7km-3D_P1D-m;-19.8889;12.9997;40.0667;65.0013;11.1*6.7;4;01/05/2019;present;marineCopernicus;chl;https://resources.marine.copernicus.eu/product-detail/NWSHELF_ANALYSISFORECAST_BGC_004_002/INFORMATION;0;0;5000;NetCDF
model;Chlorophyll-a;Baltic;https://nrt.cmems-du.eu/motu-web/Motu;BALTICSEA_ANALYSISFORECAST_BGC_003_007-TDS;dataset-bal-analysis-forecast-bio-dailymeans;9.0416;30.2087;53.0083;65.891;2*2;4;01/12/2018;present;marineCopernicus;chl;https://resources.marine.copernicus.eu/product-detail/BALTICSEA_ANALYSISFORECAST_BGC_003_007/INFORMATION;0;0;688;NetCDF
sat;Turbidity;NWS/IBI;https://nrt.cmems-du.eu/motu-web/Motu;OCEANCOLOUR_ATL_OPTICS_L3_NRT_OBSERVATIONS_009_034-TDS;dataset-oc-atl-opt-multi_cci-l3-spm_1km_daily-rt;-45.9948;12.9948;20.0052;65.9948;0.3*0.3;3;01/07/2020;present;marineCopernicus;SPM;https://resources.marine.copernicus.eu/product-detail/OCEANCOLOUR_ATL_OPTICS_L3_NRT_OBSERVATIONS_009_034/INFORMATION;0;;;NetCDF
model;Nitrate;Baltic;https://nrt.cmems-du.eu/motu-web/Motu;BALTICSEA_ANALYSISFORECAST_BGC_003_007-TDS;dataset-bal-analysis-forecast-bio-dailymeans;9.0416;30.2087;53.0083;65.891;2*2;4;01/12/2018;present;marineCopernicus;no3;https://resources.marine.copernicus.eu/product-detail/BALTICSEA_ANALYSISFORECAST_BGC_003_007/INFORMATION;0;1;688;NetCDF
model;Ammonium;Baltic;https://nrt.cmems-du.eu/motu-web/Motu;BALTICSEA_ANALYSISFORECAST_BGC_003_007-TDS;dataset-bal-analysis-forecast-bio-dailymeans;9.0416;30.2087;53.0083;65.892;2*2;4;02/12/2018;present;marineCopernicus;nh4 ;https://resources.marine.copernicus.eu/product-detail/BALTICSEA_ANALYSISFORECAST_BGC_003_007/INFORMATION;0;1;688;NetCDF
model;Phosphate;Baltic;https://nrt.cmems-du.eu/motu-web/Motu;BALTICSEA_ANALYSISFORECAST_BGC_003_007-TDS;dataset-bal-analysis-forecast-bio-dailymeans;9.0416;30.2087;53.0083;65.893;2*2;4;03/12/2018;present;marineCopernicus;po4 ;https://resources.marine.copernicus.eu/product-detail/BALTICSEA_ANALYSISFORECAST_BGC_003_007/INFORMATION;0;1;688;NetCDF
model;Nitrate;NWS;https://nrt.cmems-du.eu/motu-web/Motu;NWSHELF_ANALYSISFORECAST_BGC_004_002-TDS;cmems_mod_nws_bgc-no3_anfc_7km-3D_P1D-m;-19.8889;12.9997;40.0667;65.0013;11.1*6.7;4;01/05/2019;present;marineCopernicus;no3;https://resources.marine.copernicus.eu/product-detail/NWSHELF_ANALYSISFORECAST_BGC_004_002/INFORMATION;0;0;5000;NetCDF
model;Phosphate;NWS;https://nrt.cmems-du.eu/motu-web/Motu;NWSHELF_ANALYSISFORECAST_BGC_004_002-TDS;cmems_mod_nws_bgc-po4_anfc_7km-3D_P1D-m;-19.8889;12.9997;40.0667;65.0013;11.1*6.7;4;01/05/2019;present;marineCopernicus;po4 ;https://resources.marine.copernicus.eu/product-detail/NWSHELF_ANALYSISFORECAST_BGC_004_002/INFORMATION;0;0;5000;NetCDF
model;Nitrate;IBI;https://nrt.cmems-du.eu/motu-web/Motu;IBI_ANALYSISFORECAST_BGC_005_004-TDS;cmems_mod_ibi_bgc_anfc_0.027deg-3D_P1D-m ;-19;5;26;56;2.8*2.8;4;23/11/2019;present;marineCopernicus;no3;https://resources.marine.copernicus.eu/product-detail/IBI_ANALYSISFORECAST_BGC_005_004/INFORMATION;0;0.4940;5727.9170;NetCDF
model;Ammonium;IBI;https://nrt.cmems-du.eu/motu-web/Motu;IBI_ANALYSISFORECAST_BGC_005_004-TDS;cmems_mod_ibi_bgc_anfc_0.027deg-3D_P1D-m ;-19;5;26;56;2.8*2.8;4;23/11/2019;present;marineCopernicus;nh4 ;https://resources.marine.copernicus.eu/product-detail/IBI_ANALYSISFORECAST_BGC_005_004/INFORMATION;0;0.4940;5727.9170;NetCDF
model;Phosphate;IBI;https://nrt.cmems-du.eu/motu-web/Motu;IBI_ANALYSISFORECAST_BGC_005_004-TDS;cmems_mod_ibi_bgc_anfc_0.027deg-3D_P1D-m ;-19;5;26;56;2.8*2.8;4;23/11/2019;present;marineCopernicus;po4 ;https://resources.marine.copernicus.eu/product-detail/IBI_ANALYSISFORECAST_BGC_005_004/INFORMATION;0;0.4940;5727.9170;NetCDF
model;Silicate;IBI;https://nrt.cmems-du.eu/motu-web/Motu;IBI_ANALYSISFORECAST_BGC_005_004-TDS;cmems_mod_ibi_bgc_anfc_0.027deg-3D_P1D-m ;-19;5;26;56;2.8*2.8;4;23/11/2019;present;marineCopernicus;si;https://resources.marine.copernicus.eu/product-detail/IBI_ANALYSISFORECAST_BGC_005_004/INFORMATION;0;0.4940;5727.9170;NetCDF
model;Nitrate;MED;https://nrt.cmems-du.eu/motu-web/Motu;MEDSEA_ANALYSISFORECAST_BGC_006_014-TDS;med-ogs-nut-an-fc-d;-5.5417;36.2917;30.1875;45.9792;4.2*4.2;4;01/11/2019;present;marineCopernicus;no3;https://resources.marine.copernicus.eu/product-detail/MEDSEA_ANALYSISFORECAST_BGC_006_014/INFORMATION;0;1.0182;4152.8960;NetCDF
model;Ammonium;MED;https://nrt.cmems-du.eu/motu-web/Motu;MEDSEA_ANALYSISFORECAST_BGC_006_014-TDS;med-ogs-nut-an-fc-d;-5.5417;36.2917;30.1875;45.9792;4.2*4.2;4;01/11/2019;present;marineCopernicus;nh4 ;https://resources.marine.copernicus.eu/product-detail/MEDSEA_ANALYSISFORECAST_BGC_006_014/INFORMATION;0;1.0182;4152.8960;NetCDF
model;Phosphate;MED;https://nrt.cmems-du.eu/motu-web/Motu;MEDSEA_ANALYSISFORECAST_BGC_006_014-TDS;med-ogs-nut-an-fc-d;-5.5417;36.2917;30.1875;45.9792;4.2*4.2;4;01/11/2019;present;marineCopernicus;po4 ;https://resources.marine.copernicus.eu/product-detail/MEDSEA_ANALYSISFORECAST_BGC_006_014/INFORMATION;0;1.0182;4152.8960;NetCDF
model;Silicate;MED;https://nrt.cmems-du.eu/motu-web/Motu;MEDSEA_ANALYSISFORECAST_BGC_006_014-TDS;med-ogs-nut-an-fc-d;-5.5417;36.2917;30.1875;45.9792;4.2*4.2;4;01/11/2019;present;marineCopernicus;si;https://resources.marine.copernicus.eu/product-detail/MEDSEA_ANALYSISFORECAST_BGC_006_014/INFORMATION;0;1.0182;4152.8960;NetCDF
model;Nitrate;BS;https://nrt.cmems-du.eu/motu-web/Motu;BLKSEA_ANALYSIS_FORECAST_BIO_007_010-TDS;bs-ulg-nut-an-fc-d;27.37;41.9626;40.86;46.8044;3.7*2.8;4;25/11/2019;present;marineCopernicus;no3;https://resources.marine.copernicus.eu/product-detail/BLKSEA_ANALYSIS_FORECAST_BIO_007_010/INFORMATION;0;2.5011;2140.0208;NetCDF
model;Phosphate;BS;https://nrt.cmems-du.eu/motu-web/Motu;BLKSEA_ANALYSIS_FORECAST_BIO_007_010-TDS;bs-ulg-nut-an-fc-d;27.37;41.9626;40.86;46.8044;3.7*2.8;4;25/11/2019;present;marineCopernicus;po4 ;https://resources.marine.copernicus.eu/product-detail/BLKSEA_ANALYSIS_FORECAST_BIO_007_010/INFORMATION;0;2.5011;2140.0208;NetCDF
model;eastward_Water_current;BS;https://nrt.cmems-du.eu/motu-web/Motu;BLKSEA_ANALYSISFORECAST_PHY_007_001-TDS;bs-cmcc-cur-an-fc-d;27.25;42;40.5;47;2.5*2.5;4;01/01/2019;present;marineCopernicus;uo;https://resources.marine.copernicus.eu/product-detail/BLKSEA_ANALYSISFORECAST_PHY_007_001/INFORMATION;0;0.5002;2258.9490;NetCDF
model;northward_Water_current;BS;https://nrt.cmems-du.eu/motu-web/Motu;BLKSEA_ANALYSISFORECAST_PHY_007_001-TDS;bs-cmcc-cur-an-fc-d;27.25;42;40.5;47;2.5*2.5;4;01/01/2019;present;marineCopernicus;vo;https://resources.marine.copernicus.eu/product-detail/BLKSEA_ANALYSISFORECAST_PHY_007_001/INFORMATION;0;0.5002;2258.9490;NetCDF
model;eastward_Water_current;MED;https://nrt.cmems-du.eu/motu-web/Motu;MEDSEA_ANALYSISFORECAST_PHY_006_013-TDS;med-cmcc-cur-an-fc-d;-17.2917;36.2917;30.1875;45.9792;4.2*4.2;4;01/05/2019;present;marineCopernicus;uo;https://resources.marine.copernicus.eu/product-detail/MEDSEA_ANALYSISFORECAST_PHY_006_013/INFORMATION;0;1.0182;5754.0439;NetCDF
model;northward_Water_current;MED;https://nrt.cmems-du.eu/motu-web/Motu;MEDSEA_ANALYSISFORECAST_PHY_006_013-TDS;med-cmcc-cur-an-fc-d;-17.2917;36.2917;30.1875;45.9792;4.2*4.2;4;01/05/2019;present;marineCopernicus;vo;https://resources.marine.copernicus.eu/product-detail/MEDSEA_ANALYSISFORECAST_PHY_006_013/INFORMATION;0;1.0182;5754.0439;NetCDF
model;eastward_Water_current;IBI;https://nrt.cmems-du.eu/motu-web/Motu;IBI_ANALYSISFORECAST_PHY_005_001-TDS;cmems_mod_ibi_phy_anfc_0.027deg-3D_P1D-m ;-19;5;26;56;2.8*2.8;4;16/11/2019;present;marineCopernicus;uo;https://resources.marine.copernicus.eu/product-detail/IBI_ANALYSISFORECAST_PHY_005_001/INFORMATION;0;0.4940;5727.9170;NetCDF
model;northward_Water_current;IBI;https://nrt.cmems-du.eu/motu-web/Motu;IBI_ANALYSISFORECAST_PHY_005_001-TDS;cmems_mod_ibi_phy_anfc_0.027deg-3D_P1D-m ;-19;5;26;56;2.8*2.8;4;16/11/2019;present;marineCopernicus;vo;https://resources.marine.copernicus.eu/product-detail/IBI_ANALYSISFORECAST_PHY_005_001/INFORMATION;0;0.4940;5727.9170;NetCDF
model;eastward_Water_current;NWS;https://nrt.cmems-du.eu/motu-web/Motu;NORTHWESTSHELF_ANALYSIS_FORECAST_PHY_004_013-TDS;MetO-NWS-PHY-dm-CUR;-16;13;46;62.7432;1.4*3;4;01/01/2019;present;marineCopernicus;uo;https://resources.marine.copernicus.eu/product-detail/NORTHWESTSHELF_ANALYSIS_FORECAST_PHY_004_013/INFORMATION;0;0;5000;NetCDF
model;northward_Water_current;NWS;https://nrt.cmems-du.eu/motu-web/Motu;NORTHWESTSHELF_ANALYSIS_FORECAST_PHY_004_013-TDS;MetO-NWS-PHY-dm-CUR;-16;13;46;62.7432;1.4*3;4;01/01/2019;present;marineCopernicus;vo;https://resources.marine.copernicus.eu/product-detail/NORTHWESTSHELF_ANALYSIS_FORECAST_PHY_004_013/INFORMATION;0;0;5000;NetCDF
model;eastward_Water_current;Baltic;https://nrt.cmems-du.eu/motu-web/Motu;BALTICSEA_ANALYSISFORECAST_PHY_003_006-TDS;dataset-bal-analysis-forecast-phy-dailymeans;9.0416;30.2087;53.0083;65.891;2*2;4;01/12/2018;present;marineCopernicus;uo;https://resources.marine.copernicus.eu/product-detail/BALTICSEA_ANALYSISFORECAST_PHY_003_006/INFORMATION;0;1;688;NetCDF
model;northward_Water_current;Baltic;https://nrt.cmems-du.eu/motu-web/Motu;BALTICSEA_ANALYSISFORECAST_PHY_003_006-TDS;dataset-bal-analysis-forecast-phy-dailymeans;9.0416;30.2087;53.0083;65.891;2*2;4;01/12/2018;present;marineCopernicus;vo;https://resources.marine.copernicus.eu/product-detail/BALTICSEA_ANALYSISFORECAST_PHY_003_006/INFORMATION;0;1;688;NetCDF
model;wave_significant_height;Baltic;https://nrt.cmems-du.eu/motu-web/Motu;BALTICSEA_ANALYSISFORECAST_WAV_003_010-TDS;dataset-bal-analysis-forecast-wav-hourly;9.0139;30.2077;53.0083;65.9078;2*2;4;01/12/2018;present;marineCopernicus;VHM0;https://resources.marine.copernicus.eu/product-detail/BALTICSEA_ANALYSISFORECAST_WAV_003_010/INFORMATION;0;;;NetCDF
model;primary_swell_wave_significant_height ;Baltic;https://nrt.cmems-du.eu/motu-web/Motu;BALTICSEA_ANALYSISFORECAST_WAV_003_010-TDS;dataset-bal-analysis-forecast-wav-hourly;9.0139;30.2077;53.0083;65.9078;2*2;4;01/12/2018;present;marineCopernicus;VMDR_SW1;https://resources.marine.copernicus.eu/product-detail/BALTICSEA_ANALYSISFORECAST_WAV_003_010/INFORMATION;0;;;NetCDF
model;wave_significant_height;NWS;https://nrt.cmems-du.eu/motu-web/Motu;NORTHWESTSHELF_ANALYSIS_FORECAST_WAV_004_014-TDS;MetO-NWS-WAV-hi;-16;13;46;62.7432;1.4*3;4;01/01/2019;present;marineCopernicus;VHM0;https://resources.marine.copernicus.eu/product-detail/NORTHWESTSHELF_ANALYSIS_FORECAST_WAV_004_014/INFORMATION;0;;;NetCDF
model;primary_swell_wave_significant_height ;NWS;https://nrt.cmems-du.eu/motu-web/Motu;NORTHWESTSHELF_ANALYSIS_FORECAST_WAV_004_014-TDS;MetO-NWS-WAV-hi;-16;13;46;62.7432;1.4*3;4;01/01/2019;present;marineCopernicus;VMDR_SW1;https://resources.marine.copernicus.eu/product-detail/NORTHWESTSHELF_ANALYSIS_FORECAST_WAV_004_014/INFORMATION;0;;;NetCDF
model;wave_significant_height;IBI;https://nrt.cmems-du.eu/motu-web/Motu;IBI_ANALYSIS_FORECAST_WAV_005_005-TDS;dataset-ibi-analysis-forecast-wav-005-005-hourly;-19;5;26;56;5*5;4;23/11/2019;present;marineCopernicus;VHM0;https://resources.marine.copernicus.eu/product-detail/IBI_ANALYSIS_FORECAST_WAV_005_005/INFORMATION;0;;;NetCDF
model;primary_swell_wave_significant_height ;IBI;https://nrt.cmems-du.eu/motu-web/Motu;IBI_ANALYSIS_FORECAST_WAV_005_005-TDS;dataset-ibi-analysis-forecast-wav-005-005-hourly;-19;5;26;56;5*5;4;23/11/2019;present;marineCopernicus;VMDR_SW1;https://resources.marine.copernicus.eu/product-detail/IBI_ANALYSIS_FORECAST_WAV_005_005/INFORMATION;0;;;NetCDF
model;wave_significant_height;MED;https://nrt.cmems-du.eu/motu-web/Motu;MEDSEA_ANALYSISFORECAST_WAV_006_017-TDS;med-hcmr-wav-an-fc-h;-18.125;36.2917;30.1875;45.9792;4.2*4.2;4;26/11/2019;present;marineCopernicus;VHM0;https://resources.marine.copernicus.eu/product-detail/MEDSEA_ANALYSISFORECAST_WAV_006_017/INFORMATION;0;;;NetCDF
model;primary_swell_wave_significant_height ;MED;https://nrt.cmems-du.eu/motu-web/Motu;MEDSEA_ANALYSISFORECAST_WAV_006_017-TDS;med-hcmr-wav-an-fc-h;-18.125;36.2917;30.1875;45.9792;4.2*4.2;4;26/11/2019;present;marineCopernicus;VMDR_SW1;https://resources.marine.copernicus.eu/product-detail/MEDSEA_ANALYSISFORECAST_WAV_006_017/INFORMATION;0;;;NetCDF
model;wave_significant_height;BS;https://nrt.cmems-du.eu/motu-web/Motu;BLKSEA_ANALYSISFORECAST_WAV_007_003-TDS;bs-hzg-wav-an-fc-h;27.3701;41.9623;40.8602;46.8046;3.7*2.8;4;25/11/2019;present;marineCopernicus;VHM0;https://resources.marine.copernicus.eu/product-detail/BLKSEA_ANALYSISFORECAST_WAV_007_003/INFORMATION;0;;;NetCDF
model;primary_swell_wave_significant_height ;BS;https://nrt.cmems-du.eu/motu-web/Motu;BLKSEA_ANALYSISFORECAST_WAV_007_003-TDS;bs-hzg-wav-an-fc-h;27.3701;41.9623;40.8602;46.8046;3.7*2.8;4;25/11/2019;present;marineCopernicus;VMDR_SW1;https://resources.marine.copernicus.eu/product-detail/BLKSEA_ANALYSISFORECAST_WAV_007_003/INFORMATION;0;;;NetCDF
model;ocean_mixed_layer_thickness;NWS;https://my.cmems-du.eu/motu-web/Motu --service-id;NWSHELF_MULTIYEAR_PHY_004_009-TDS;cmems_mod_nws_phy-mld_my_7km-2D_P1D-m;-19.8889;12.9997;40.0667;65.0013;11.1*6.7;4;01/01/1993;31/12/2020;marineCopernicus;mlotst;https://resources.marine.copernicus.eu/product-detail/NWSHELF_MULTIYEAR_PHY_004_009/INFORMATION;0;;;NetCDF
model;ocean_mixed_layer_thickness;NWS;https://nrt.cmems-du.eu/motu-web/Motu;NWSHELF_ANALYSISFORECAST_PHY_LR_004_001-TDS;cmems_mod_nws_phy-mld_anfc_7km-2D_P1D-m;-19.8889;12.9997;40.0667;65.0013;11.1*6.7;4;01/05/2019;present;marineCopernicus;mlotst;https://resources.marine.copernicus.eu/product-detail/NWSHELF_ANALYSISFORECAST_PHY_LR_004_001/INFORMATION;0;;;NetCDF
model;ocean_mixed_layer_thickness;Baltic;https://nrt.cmems-du.eu/motu-web/Motu --service-id;BALTICSEA_ANALYSISFORECAST_PHY_003_006-TDS;dataset-bal-analysis-forecast-phy-dailymeans;9.0416;30.2087;53.0083;65.891;2*2;4;01/12/2018;present;marineCopernicus;mlotst;https://resources.marine.copernicus.eu/product-detail/BALTICSEA_ANALYSISFORECAST_PHY_003_006/INFORMATION;0;1;688;NetCDF
model;ocean_mixed_layer_thickness;IBI;https://nrt.cmems-du.eu/motu-web/Motu;IBI_ANALYSISFORECAST_PHY_005_001-TDS;cmems_mod_ibi_phy_anfc_0.027deg-3D_P1D-m ;-19;5;26;56;2.8*2.8;4;11/01/2020;present;marineCopernicus;mlotst;https://resources.marine.copernicus.eu/product-detail/IBI_ANALYSISFORECAST_PHY_005_001/INFORMATION;0;0.4940;5727.9170;NetCDF
model;ocean_mixed_layer_thickness;IBI;https://my.cmems-du.eu/motu-web/Motu;IBI_MULTIYEAR_PHY_005_002-TDS;cmems_mod_ibi_phy_my_0.083deg-3D_P1D-m;-19;5;26;56;8.3*8.3;4;01/01/1993;24/12/2019;marineCopernicus;mlotst;https://resources.marine.copernicus.eu/product-detail/IBI_MULTIYEAR_PHY_005_002/INFORMATION;0;0.5058;5698.0605;NetCDF
model;ocean_mixed_layer_thickness;MED;https://nrt.cmems-du.eu/motu-web/Motu;MEDSEA_ANALYSISFORECAST_PHY_006_013-TDS;med-cmcc-mld-an-fc-d;-17.2917;36.2917;30.1875;45.9792;4.2*4.2;4;01/05/2019;present;marineCopernicus;mlotst;https://resources.marine.copernicus.eu/product-detail/MEDSEA_ANALYSISFORECAST_PHY_006_013/INFORMATION;0;;;NetCDF
model;Ammonium;Baltic;https://nrt.cmems-du.eu/motu-web/Motu;BALTICSEA_ANALYSISFORECAST_BGC_003_007-TDS;dataset-bal-analysis-forecast-bio-dailymeans;9.0416;30.2087;53.0083;65.891;2*2;4;01/12/2018;22/01/2022;marineCopernicus;nh4;https://resources.marine.copernicus.eu/product-detail/BALTICSEA_ANALYSISFORECAST_BGC_003_007/INFORMATION;0;1;688;NetCDF
model;primary_producer_POC;NWS;https://nrt.cmems-du.eu/motu-web/Motu;NWSHELF_ANALYSISFORECAST_BGC_004_002-TDS;cmems_mod_nws_bgc-phyc_anfc_7km-3D_P1D-m;-19.8889;12.9997;40.0667;65.0013;11.1*6.7;4;01/05/2019;present;marineCopernicus;phyc;https://resources.marine.copernicus.eu/product-detail/NWSHELF_ANALYSISFORECAST_BGC_004_002/INFORMATION;0;0;5000;NetCDF
model;primary_producer_POC;IBI;https://nrt.cmems-du.eu/motu-web/Motu;IBI_ANALYSISFORECAST_BGC_005_004-TDS;cmems_mod_ibi_bgc_anfc_0.027deg-3D_P1D-m ;-19;5;26;56;2.8*2.8;4;11/01/2020;present;marineCopernicus;phyc;https://resources.marine.copernicus.eu/product-detail/IBI_ANALYSISFORECAST_BGC_005_004/INFORMATION;0;0.4940;5727.9170;NetCDF
model;primary_producer_POC;MED;https://nrt.cmems-du.eu/motu-web/Motu;MEDSEA_ANALYSISFORECAST_BGC_006_014-TDS;med-ogs-pft-an-fc-d;-5.5417;36.2917;30.1875;45.9792;4.2*4.2;4;01/01/2020;present;marineCopernicus;phyc;https://resources.marine.copernicus.eu/product-detail/MEDSEA_ANALYSISFORECAST_BGC_006_014/INFORMATION;0;1.0182;4152.8960;NetCDF
model;primary_producer_POC;BS;https://nrt.cmems-du.eu/motu-web/Motu;BLKSEA_ANALYSIS_FORECAST_BIO_007_010-TDS;bs-ulg-pft-an-fc-d;27.37;41.9626;40.86;46.8044;3.7*2.8;4;19/01/2020;present;marineCopernicus;phyc;https://resources.marine.copernicus.eu/product-detail/BLKSEA_ANALYSIS_FORECAST_BIO_007_010/INFORMATION;0;2.5011;2140.0208;NetCDF
;;;;;;;;;;;;;;;;;;;;
;bathymetry;;;1.0.0;;;;;;;;;;WCS;emodnet:mean;http://ows.emodnet-bathymetry.eu/wcs?;;;;GeoTIFF
;windu;;reanalysis;reanalysis-era5-single-levels;;10m_u_component_of_wind;;;12:00;;;;;cdsapi;;;;;;grib
;windv;;reanalysis;reanalysis-era5-single-levels;;10m_v_component_of_wind;;;12:00;;;;;cdsapi;;;;;;grib
;seabed;;;1.0.0;;;;;;;;;;WFS;;https://ows.emodnet-seabedhabitats.eu/geoserver/emodnet_open/wfs;;;;
;par;IBI;;ftp_hermes;hermes%;234339387;;;;;;;;ftp;;ftp.hermes.acri.fr;;;;NetCDF
